{"cameraMode":{"drawMode":0,"name":"Shaded","section":"Shading Mode"},"sceneLighting":true,"audioPlay":false,"sceneViewState":{"m_AlwaysRefresh":false,"showFog":true,"showSkybox":true,"showFlares":true,"showImageEffects":true,"showParticleSystems":true,"showVisualEffectGraphs":true,"m_FxEnabled":true},"in2DMode":false,"pivot":{"x":-0.20836390554904939,"y":1.1636459827423096,"z":0.4346908926963806},"rotation":{"x":-0.05095994472503662,"y":0.11270910501480103,"z":-0.005788419395685196,"w":-0.9923133850097656},"size":0.7611205577850342,"orthographic":false}